{"cameraMode":{"drawMode":0,"name":"Shaded","section":"Shading Mode"},"sceneLighting":true,"audioPlay":false,"sceneViewState":{"showFog":true,"showMaterialUpdate":true,"showSkybox":true,"showFlares":true,"showImageEffects":true,"showParticleSystems":true},"in2DMode":false,"pivot":{"x":-15.22407341003418,"y":-2.94423246383667,"z":30.789627075195314},"rotation":{"x":-0.1675148904323578,"y":0.7299184799194336,"z":-0.19285351037979127,"w":-0.6340142488479614},"size":17.137718200683595,"orthographic":false}